[
  {
    "id": "eb6b61bc-7954-4a82-875f-97f88a99bbb2",
    "data": [
      {
        "text": "2",
        "meta": "@sys.number",
        "alias": "number",
        "userDefined": false
      }
    ],
    "isTemplate": false,
    "count": 0,
    "lang": "en",
    "updated": 0
  },
  {
    "id": "d7cd7486-ea4d-4cb5-8f87-54bd280730cd",
    "data": [
      {
        "text": "Desserts\u0026Drinks",
        "userDefined": false
      }
    ],
    "isTemplate": false,
    "count": 0,
    "lang": "en",
    "updated": 0
  }
]