[
  {
    "id": "197b8814-1cde-4e8b-b505-2a39082e801f",
    "data": [
      {
        "text": "Jamun",
        "meta": "@sys.any",
        "alias": "any",
        "userDefined": true
      }
    ],
    "isTemplate": false,
    "count": 0,
    "lang": "en",
    "updated": 0
  },
  {
    "id": "b62f4ba5-e2ea-46df-9507-8017f9d1e52f",
    "data": [
      {
        "text": "Soda",
        "meta": "@sys.any",
        "alias": "any",
        "userDefined": true
      }
    ],
    "isTemplate": false,
    "count": 0,
    "lang": "en",
    "updated": 0
  },
  {
    "id": "e50e22e1-c862-4db9-b622-2237cd1c901f",
    "data": [
      {
        "text": "Ice-Cream",
        "meta": "@sys.any",
        "alias": "any",
        "userDefined": true
      }
    ],
    "isTemplate": false,
    "count": 0,
    "lang": "en",
    "updated": 0
  },
  {
    "id": "172f488c-9d1c-488c-94bc-84f5a940b9f3",
    "data": [
      {
        "text": "Meals",
        "meta": "@sys.any",
        "alias": "any",
        "userDefined": true
      }
    ],
    "isTemplate": false,
    "count": 0,
    "lang": "en",
    "updated": 0
  },
  {
    "id": "4c7fbf00-8d20-4129-9f40-734ef9e16bb7",
    "data": [
      {
        "text": "Biryani",
        "meta": "@sys.any",
        "alias": "any",
        "userDefined": true
      }
    ],
    "isTemplate": false,
    "count": 0,
    "lang": "en",
    "updated": 0
  }
]